<?xml version="1.0" encoding="UTF-8"?>
<project-private xmlns="http://www.netbeans.org/ns/project-private/1">
    <editor-bookmarks xmlns="http://www.netbeans.org/ns/editor-bookmarks/2" lastBookmarkId="0"/>
    <open-files xmlns="http://www.netbeans.org/ns/projectui-open-files/2">
        <group>
            <file>file:/D:/School%20Related%20Stuff/ICS4U/Final%20Project/Gertrogan/Gertrogan/src/gertrogan/TitleMenu.java</file>
            <file>file:/D:/School%20Related%20Stuff/ICS4U/Final%20Project/Gertrogan/Gertrogan/src/gertrogan/Overworld.java</file>
        </group>
    </open-files>
</project-private>
